<?xml version="1.0" encoding="UTF-8" standalone="yes"?>
<projectConfiguration>
    <configVersion>2</configVersion>
    <relativeTo>WORKSPACE</relativeTo>
    <referencedLibrary type="PYTHON" name="SeleniumLibrary" path="C:/Python/Lib/site-packages/SeleniumLibrary/__init__.py" dynamic="false"/>
    <referencedLibrary type="PYTHON" name="DataDriver" path="C:/Python/Lib/site-packages/DataDriver/__init__.py" dynamic="false"/>
    <referencedLibrary type="PYTHON" name="DatabaseLibrary" path="C:/Python/Lib/site-packages/DatabaseLibrary/__init__.py" dynamic="false"/>
    <pythonpath/>
    <classpath/>
    <excludedForValidation/>
    <isValidatedFileSizeCheckingEnabled>true</isValidatedFileSizeCheckingEnabled>
    <validatedFileMaxSize>1024</validatedFileMaxSize>
</projectConfiguration>
